order_id,customer_id,product_id,quantity,unit_price,currency,order_timestamp,status
1,380.0,512,3,256.02,USD,,processing
2,467.0,117,5,218.67,EUR,2026-02-18 02:28:23,completed
3,470.0,391,5,89.7,EUR,2025-01-14 11:22:12,cancelled
4,676.0,90,3,354.03,USD,2025-05-30 03:09:57,completed
5,92.0,639,4,60.8,RUB,2025-01-22 15:48:14,processing
6,103.0,217,1,337.18,EUR,2024-12-12 04:11:41,completed
7,466.0,476,4,475.77,EUR,2024-12-17 00:16:14,cancelled
8,661.0,520,1,470.41,USD,2024-12-30 16:57:31,cancelled
9,275.0,425,4,339.92,USD,2025-04-05 12:29:27,completed
10,,326,5,411.82,RUB,2026-01-21 03:56:04,cancelled
11,175.0,198,2,282.31,EUR,2024-11-12 05:51:09,processing
12,660.0,400,5,220.26,RUB,2025-02-28 18:51:50,processing
13,178.0,130,2,224.33,USD,2025-03-06 08:09:27,processing
14,122.0,331,3,420.3,USD,2025-05-23 12:48:47,completed
15,96.0,557,5,84.99,RUB,2024-11-07 14:01:18,completed
16,586.0,647,2,491.87,RUB,2026-02-03 08:08:20,cancelled
17,192.0,388,3,104.98,USD,2024-07-27 04:07:00,cancelled
18,676.0,594,2,317.44,RUB,2025-01-05 06:00:33,completed
19,114.0,185,1,79.5,EUR,2025-02-10 05:37:05,completed
20,80.0,23,2,201.49,EUR,2024-07-20 09:27:33,cancelled
21,76.0,322,2,346.79,EUR,2024-07-05 00:20:51,processing
22,462.0,581,1,452.78,RUB,2025-08-02 14:16:29,processing
23,622.0,629,3,496.93,EUR,2025-02-10 03:12:51,processing
24,,621,3,464.03,USD,2025-04-27 12:35:46,completed
25,,118,2,115.99,EUR,2025-06-22 20:48:51,completed
26,31.0,205,2,141.12,EUR,2026-03-07 09:06:44,completed
27,357.0,447,4,375.15,EUR,2025-11-04 11:16:05,processing
28,410.0,288,2,346.66,RUB,2025-01-28 13:48:55,cancelled
29,106.0,500,3,91.17,USD,2024-11-19 22:07:32,cancelled
30,457.0,393,3,315.23,RUB,2026-03-30 23:21:33,cancelled
31,205.0,524,1,230.21,USD,2025-09-21 11:42:37,cancelled
32,601.0,118,5,182.6,USD,2025-11-07 21:59:15,completed
33,331.0,381,2,45.59,RUB,2024-08-01 00:19:44,cancelled
34,149.0,337,3,347.26,RUB,2025-07-11 11:43:09,completed
35,477.0,291,2,285.2,EUR,2025-11-19 05:40:49,processing
36,218.0,77,3,360.97,RUB,2025-10-26 17:58:59,processing
37,662.0,202,3,408.56,USD,2025-01-25 13:47:44,completed
38,506.0,176,4,68.44,EUR,2024-12-15 07:36:45,processing
39,335.0,590,1,149.67,RUB,2024-09-01 13:44:00,completed
40,473.0,541,4,28.13,RUB,2024-09-01 23:29:10,completed
41,346.0,309,1,416.63,EUR,2025-11-14 02:44:17,cancelled
42,325.0,628,5,389.56,EUR,2025-11-02 16:21:05,completed
43,403.0,383,4,425.85,USD,2026-01-27 19:22:46,processing
44,,447,1,77.98,EUR,2026-04-29 18:48:16,completed
45,175.0,6,3,409.91,RUB,2024-09-09 14:32:53,processing
46,54.0,77,1,33.52,EUR,2026-04-08 18:15:53,cancelled
47,338.0,142,4,142.26,USD,2024-08-30 02:42:22,processing
48,472.0,458,2,378.99,EUR,2025-12-24 11:10:46,processing
49,126.0,330,4,334.02,EUR,2024-09-21 07:12:23,processing
50,495.0,572,3,358.58,EUR,2025-11-02 18:49:24,completed
51,676.0,62,1,46.82,EUR,2024-09-29 03:00:53,completed
52,14.0,349,4,102.08,USD,2025-07-15 18:11:31,completed
53,605.0,465,3,382.64,EUR,2025-04-25 16:11:52,processing
54,158.0,395,2,117.2,EUR,2026-04-11 01:15:11,cancelled
55,636.0,169,2,43.63,EUR,2024-11-08 17:22:54,processing
56,315.0,113,1,82.17,USD,2025-01-28 16:51:18,completed
57,17.0,464,1,243.36,RUB,2024-10-02 18:33:27,cancelled
58,272.0,407,3,221.42,USD,2025-11-30 09:39:46,processing
59,442.0,392,3,191.19,USD,2025-02-09 21:17:00,processing
60,433.0,623,2,301.08,RUB,2026-01-12 10:41:02,cancelled
61,532.0,118,2,479.9,USD,2026-04-27 22:44:37,completed
62,37.0,636,5,59.51,USD,2024-09-21 05:17:57,processing
63,734.0,275,2,369.62,RUB,2024-11-28 15:28:57,cancelled
64,211.0,4,3,355.87,EUR,2024-12-31 08:07:38,completed
65,190.0,245,4,372.15,RUB,2024-08-24 01:41:20,completed
66,323.0,14,3,450.94,USD,2026-03-17 03:15:31,processing
67,486.0,10,3,441.82,USD,,processing
68,361.0,113,4,437.88,EUR,2025-06-15 23:27:33,completed
69,18.0,151,2,267.38,USD,2025-06-06 19:02:27,completed
70,103.0,559,4,250.42,EUR,2025-12-07 23:44:17,cancelled
71,680.0,342,1,415.6,EUR,2024-08-20 05:14:31,processing
72,680.0,532,5,247.33,EUR,2026-03-04 21:26:41,processing
73,,366,2,333.09,USD,2024-11-17 05:26:37,cancelled
74,32.0,92,4,186.12,RUB,2025-10-24 05:32:16,completed
75,387.0,540,5,450.62,EUR,2024-09-15 17:59:26,completed
76,272.0,283,3,201.6,EUR,2026-01-28 20:44:12,cancelled
77,,444,3,418.74,USD,2024-06-07 11:41:29,cancelled
78,581.0,511,3,63.99,USD,2025-01-04 03:46:58,processing
79,151.0,167,3,315.66,RUB,2025-12-08 18:52:48,cancelled
80,499.0,290,1,232.39,USD,2025-10-27 08:09:46,processing
81,127.0,52,4,182.61,USD,2024-12-13 14:28:40,cancelled
82,142.0,159,5,336.01,RUB,2025-12-06 12:39:00,completed
83,731.0,298,2,221.7,USD,2025-09-09 04:43:12,completed
84,33.0,268,4,217.06,USD,2024-05-30 23:47:50,cancelled
85,612.0,205,3,404.15,USD,2024-10-04 16:12:21,cancelled
86,139.0,644,3,51.94,RUB,2026-03-15 17:33:11,cancelled
87,559.0,453,4,57.06,RUB,2025-10-29 03:10:32,processing
88,321.0,478,3,239.51,EUR,2025-05-28 19:49:27,cancelled
89,421.0,91,1,479.17,EUR,2025-08-05 17:45:16,completed
90,630.0,636,5,260.98,USD,2026-01-09 02:30:08,processing
91,580.0,7,4,71.71,RUB,2025-08-09 04:22:15,cancelled
92,531.0,110,1,142.39,RUB,2025-06-19 13:11:29,cancelled
93,609.0,125,4,348.39,USD,2025-03-03 22:04:35,processing
94,599.0,148,1,353.77,RUB,2025-01-14 04:32:14,processing
95,508.0,7,2,157.44,EUR,2025-06-02 12:59:28,cancelled
96,639.0,533,1,84.98,USD,2026-02-01 18:16:17,completed
97,254.0,125,5,227.47,USD,2025-05-22 08:39:11,cancelled
98,415.0,267,2,422.44,RUB,2025-07-23 19:28:34,processing
99,698.0,23,1,221.85,RUB,2024-11-29 18:47:11,completed
100,146.0,560,2,260.64,RUB,2025-05-09 09:51:28,completed
101,488.0,377,1,479.95,EUR,2024-12-06 16:09:32,processing
102,282.0,152,1,237.34,EUR,2026-02-25 00:07:38,completed
103,291.0,635,1,294.46,USD,2025-03-13 00:28:18,cancelled
104,44.0,470,2,239.27,RUB,2024-07-24 16:52:25,cancelled
105,10.0,538,5,113.28,RUB,2025-07-09 08:11:57,cancelled
106,526.0,348,3,331.41,RUB,2025-02-04 08:04:09,cancelled
107,733.0,496,3,462.5,USD,2025-03-24 02:52:08,cancelled
108,484.0,266,5,389.95,RUB,2026-05-10 13:46:51,completed
109,715.0,70,3,296.4,EUR,2026-01-22 01:29:38,completed
110,31.0,488,1,335.98,EUR,2025-02-20 16:59:27,cancelled
111,238.0,394,2,61.66,USD,2024-08-12 13:11:37,cancelled
112,66.0,453,1,424.93,USD,2025-05-26 09:03:41,cancelled
113,622.0,461,2,167.37,RUB,,cancelled
114,137.0,449,2,105.9,EUR,2025-03-31 04:56:45,processing
115,293.0,89,4,408.78,USD,2025-11-10 13:13:15,processing
116,25.0,6,2,26.29,USD,2026-01-13 21:40:34,cancelled
117,418.0,541,3,100.8,RUB,2026-04-20 23:35:56,cancelled
118,195.0,634,4,255.42,EUR,2025-01-29 11:54:39,processing
119,142.0,81,4,438.25,RUB,2024-11-12 23:50:58,completed
120,530.0,339,2,35.22,RUB,2024-11-10 02:17:03,completed
121,230.0,70,3,201.31,EUR,2026-04-27 05:16:40,completed
122,295.0,320,5,466.59,RUB,2025-03-21 17:24:27,cancelled
123,634.0,31,1,295.56,EUR,2026-01-15 10:07:41,completed
124,347.0,338,1,78.25,RUB,2025-05-22 13:19:40,processing
125,64.0,37,5,453.12,RUB,2024-06-30 04:32:38,cancelled
126,73.0,491,5,465.39,RUB,2026-01-05 16:08:09,completed
127,278.0,359,4,258.73,RUB,2025-06-11 06:46:36,cancelled
128,490.0,27,2,20.51,USD,2025-02-16 17:19:12,completed
129,548.0,397,1,280.72,USD,2024-10-10 05:33:46,cancelled
130,713.0,121,5,77.51,EUR,2024-07-28 03:23:12,processing
131,377.0,603,1,126.7,USD,2025-03-15 15:56:30,completed
132,233.0,256,5,288.34,USD,2024-12-07 21:59:01,completed
133,79.0,617,3,31.42,EUR,2024-06-30 02:15:14,processing
134,251.0,79,4,244.56,USD,2024-07-24 18:10:54,completed
135,257.0,455,3,449.84,USD,2025-11-15 21:10:09,processing
136,310.0,540,3,435.8,USD,2024-12-16 14:03:33,cancelled
137,327.0,637,1,179.85,EUR,2025-11-14 17:50:07,cancelled
138,287.0,567,5,122.96,RUB,2024-07-27 02:02:58,completed
139,126.0,451,2,27.58,USD,2025-03-12 13:19:35,processing
140,465.0,394,1,142.45,RUB,,cancelled
141,87.0,394,4,252.73,EUR,2024-11-22 10:03:57,cancelled
142,46.0,313,4,270.92,RUB,2024-06-21 18:11:12,completed
143,555.0,269,5,379.69,EUR,2026-01-20 17:47:18,processing
144,222.0,59,5,222.7,EUR,2026-04-27 02:30:56,completed
145,567.0,475,3,430.67,RUB,2026-02-01 16:38:24,cancelled
146,587.0,479,3,89.65,EUR,2025-07-30 06:35:05,processing
147,244.0,556,3,51.91,USD,,cancelled
148,346.0,257,3,187.23,RUB,2026-04-16 09:29:43,processing
149,,455,3,419.64,USD,2025-12-23 08:43:40,cancelled
150,18.0,224,3,245.3,RUB,2025-10-25 02:44:55,cancelled
151,60.0,452,5,280.21,USD,2025-12-12 07:34:25,completed
152,265.0,179,4,72.34,RUB,2025-01-02 21:37:59,completed
153,633.0,451,1,100.29,RUB,2024-08-31 00:40:39,processing
154,,264,1,476.33,EUR,2025-10-07 08:23:37,completed
155,695.0,241,5,361.98,RUB,2024-06-26 06:58:28,cancelled
156,112.0,334,5,47.95,USD,2026-03-04 14:51:16,processing
157,381.0,147,1,324.52,EUR,2025-11-30 22:33:38,completed
158,335.0,482,4,449.72,EUR,2026-02-01 06:35:02,cancelled
159,,27,3,465.85,RUB,2024-09-12 20:13:58,completed
160,624.0,353,5,393.9,RUB,2025-04-18 02:42:29,completed
161,388.0,81,2,196.73,RUB,2025-06-10 05:09:07,completed
162,230.0,125,5,369.64,RUB,2026-01-13 00:37:05,processing
163,53.0,200,5,226.1,EUR,2024-07-14 11:16:09,processing
164,301.0,119,3,123.14,EUR,2024-11-20 00:21:21,processing
165,247.0,574,4,187.32,EUR,2024-11-15 19:59:58,processing
166,79.0,236,5,122.87,EUR,2026-01-27 07:15:51,processing
167,129.0,142,4,340.31,RUB,2025-08-10 23:00:21,processing
168,267.0,518,1,49.94,EUR,2024-10-05 21:09:23,completed
169,590.0,16,2,450.94,EUR,2025-12-16 11:43:48,completed
170,124.0,35,4,374.0,USD,2024-07-04 00:43:16,cancelled
171,25.0,398,2,262.3,RUB,2025-10-14 16:25:35,cancelled
172,363.0,345,2,358.87,USD,2025-05-05 21:19:11,cancelled
173,606.0,460,1,46.14,EUR,2025-08-07 19:03:56,cancelled
174,646.0,138,3,381.25,RUB,2025-04-13 13:02:20,processing
175,188.0,608,5,51.06,USD,2026-01-30 17:19:42,processing
176,379.0,603,3,224.91,RUB,2024-09-30 18:11:24,cancelled
177,100.0,594,1,286.42,RUB,2025-10-30 11:46:58,processing
178,437.0,216,2,477.22,USD,2026-03-12 13:45:39,cancelled
179,532.0,170,3,58.74,EUR,2025-10-25 11:42:13,completed
180,295.0,621,2,151.35,EUR,2025-09-29 23:52:34,completed
181,238.0,173,2,280.56,RUB,2025-09-18 07:05:05,completed
182,613.0,7,5,273.58,USD,2025-04-08 09:35:44,cancelled
183,27.0,534,5,218.99,EUR,2026-01-15 23:42:13,completed
184,465.0,506,1,227.76,EUR,2025-08-02 15:32:50,cancelled
185,89.0,228,1,484.54,USD,2025-11-29 12:19:55,processing
186,77.0,526,3,232.2,RUB,2025-07-02 04:27:43,processing
187,76.0,534,1,222.36,RUB,2024-09-23 19:47:51,cancelled
188,195.0,9,1,475.1,RUB,2025-01-13 06:57:11,completed
189,141.0,482,2,339.94,EUR,2025-05-22 19:12:56,completed
190,497.0,91,3,74.58,RUB,2024-08-15 06:28:06,processing
191,741.0,214,1,250.44,RUB,,processing
192,,241,5,196.34,RUB,2026-02-22 20:57:33,processing
193,358.0,300,2,440.17,USD,2025-10-22 22:54:11,processing
194,497.0,303,5,184.99,EUR,2025-10-12 22:32:36,completed
195,225.0,334,3,215.6,EUR,2025-01-18 13:40:18,completed
196,679.0,408,3,333.7,EUR,2024-11-10 12:08:51,processing
197,132.0,241,4,304.52,RUB,2026-03-15 09:35:27,completed
198,298.0,268,4,39.79,EUR,2025-06-17 01:44:38,processing
199,326.0,275,4,205.35,USD,2025-12-12 08:17:10,cancelled
200,746.0,227,1,161.17,EUR,2025-08-25 21:36:30,processing
201,171.0,626,1,474.46,RUB,2024-07-06 21:06:12,cancelled
202,133.0,342,1,403.18,USD,,cancelled
203,567.0,161,2,187.43,USD,2024-08-17 22:28:14,processing
204,406.0,424,2,456.22,EUR,2024-07-06 17:20:27,completed
205,567.0,105,1,424.29,RUB,2024-06-21 23:12:00,processing
206,408.0,647,3,157.72,USD,2026-04-01 21:38:04,processing
207,,277,4,331.09,USD,2026-04-16 19:33:10,completed
208,79.0,555,4,19.88,RUB,2024-07-14 18:46:24,processing
209,156.0,320,4,105.2,RUB,2025-09-26 22:48:33,cancelled
210,436.0,271,3,234.86,USD,,processing
211,591.0,575,1,118.9,EUR,2026-03-20 06:39:06,cancelled
212,495.0,509,5,129.86,USD,2025-07-04 22:22:06,processing
213,404.0,26,1,231.61,RUB,2024-10-23 14:42:10,cancelled
214,238.0,148,1,324.98,EUR,2024-11-07 03:04:13,processing
215,86.0,145,4,300.77,USD,2025-02-03 05:15:18,cancelled
216,632.0,506,5,382.68,USD,2024-08-29 12:33:18,cancelled
217,422.0,579,2,27.89,RUB,2024-06-07 12:17:40,processing
218,417.0,559,2,379.97,EUR,2025-03-24 01:55:25,cancelled
219,321.0,569,4,357.35,RUB,2024-08-26 01:23:56,processing
220,84.0,166,1,194.09,USD,2024-06-03 07:51:48,processing
221,125.0,508,1,29.14,EUR,2025-02-27 04:51:18,completed
222,642.0,304,5,214.89,USD,2025-09-15 14:00:09,completed
223,446.0,381,3,266.02,RUB,2026-04-17 17:35:09,processing
224,666.0,381,2,403.38,RUB,2024-09-03 01:46:21,processing
225,620.0,139,3,464.27,RUB,2025-07-06 22:40:26,completed
226,537.0,482,3,213.99,USD,2025-08-26 20:29:02,completed
227,6.0,97,1,273.49,EUR,2024-08-08 20:07:49,completed
228,640.0,354,3,321.81,USD,2026-04-06 22:52:01,processing
229,15.0,377,4,296.39,EUR,2024-12-05 00:47:34,processing
230,413.0,106,2,47.96,USD,2024-06-14 23:45:54,processing
231,222.0,602,1,72.09,RUB,2025-02-13 09:44:40,processing
232,393.0,631,5,306.34,RUB,2025-07-05 21:17:33,processing
233,485.0,630,2,494.65,USD,,completed
234,147.0,141,3,48.12,USD,2025-05-17 09:16:54,processing
235,451.0,247,3,255.18,USD,2024-11-05 06:23:21,processing
236,403.0,325,4,183.95,RUB,2025-01-25 19:01:01,processing
237,81.0,147,2,473.29,EUR,2024-09-18 04:11:01,cancelled
238,574.0,446,3,345.83,RUB,2025-06-21 14:31:01,processing
239,357.0,435,4,387.66,EUR,2026-03-19 16:06:36,completed
240,632.0,11,2,197.4,USD,2025-06-08 09:46:59,completed
241,453.0,378,5,162.09,USD,2024-10-09 20:20:05,cancelled
242,515.0,491,1,327.14,RUB,2024-12-03 04:37:05,cancelled
243,45.0,32,3,316.38,RUB,2025-01-22 21:58:28,processing
244,483.0,559,4,95.15,RUB,2026-04-27 22:34:06,completed
245,40.0,135,2,355.76,USD,2026-05-07 07:48:25,completed
246,430.0,322,4,322.36,USD,2025-07-16 07:42:17,completed
247,558.0,325,5,371.35,EUR,2025-05-18 00:17:52,processing
248,174.0,413,3,263.01,RUB,2025-01-25 03:55:58,cancelled
249,684.0,86,5,82.28,EUR,2024-07-27 21:24:42,completed
250,,4,5,210.53,RUB,2024-05-26 13:31:05,cancelled
251,281.0,89,4,288.4,RUB,2024-11-03 05:18:11,processing
252,475.0,326,2,367.48,USD,2025-08-15 11:36:09,processing
253,642.0,472,1,116.59,EUR,2024-09-08 17:33:57,completed
254,742.0,136,2,376.23,RUB,2025-01-26 10:56:07,cancelled
255,55.0,424,3,78.81,EUR,2025-03-29 22:25:02,completed
256,193.0,271,3,137.08,EUR,2024-12-28 05:27:39,completed
257,502.0,175,5,230.34,RUB,2025-01-13 09:24:38,completed
258,600.0,356,2,496.94,EUR,2025-03-18 04:08:39,processing
259,699.0,276,5,280.29,RUB,2024-07-22 05:57:58,completed
260,526.0,530,4,137.81,USD,2025-12-09 18:12:37,processing
261,647.0,387,5,168.27,RUB,2024-08-22 14:33:17,processing
262,603.0,163,1,318.44,USD,2024-07-28 06:00:50,cancelled
263,487.0,314,1,101.68,EUR,2025-04-23 14:36:41,completed
264,479.0,608,4,406.52,EUR,2025-12-22 02:57:46,processing
265,712.0,616,2,133.76,EUR,2024-06-15 11:33:33,cancelled
266,495.0,111,2,383.95,RUB,2025-11-08 18:40:38,cancelled
267,437.0,525,4,300.61,USD,2024-06-09 12:27:40,completed
268,308.0,143,5,107.25,RUB,2024-08-24 11:29:22,completed
269,680.0,355,1,161.54,USD,2026-04-01 17:16:03,cancelled
270,406.0,309,2,108.2,USD,,cancelled
271,83.0,158,4,54.18,USD,2025-06-20 14:34:44,processing
272,569.0,483,4,88.07,USD,2025-03-16 22:07:47,processing
273,704.0,249,4,337.53,EUR,2025-06-01 05:00:46,completed
274,397.0,290,2,205.94,EUR,2024-10-12 11:40:32,processing
275,748.0,601,5,45.11,EUR,2026-05-02 22:23:00,completed
276,228.0,514,2,190.87,EUR,2026-03-19 00:01:23,completed
277,626.0,512,1,326.33,USD,2024-09-10 11:55:03,completed
278,46.0,436,3,198.19,USD,2025-09-10 18:39:35,completed
279,292.0,184,4,27.07,EUR,2025-10-17 03:31:24,completed
280,408.0,104,4,405.05,EUR,2026-01-28 09:06:56,processing
281,415.0,394,3,73.08,RUB,,processing
282,,311,4,217.0,USD,2025-12-30 22:03:00,cancelled
283,265.0,344,4,256.01,EUR,2025-04-23 22:03:33,processing
284,374.0,82,4,270.54,EUR,2024-12-23 22:02:08,completed
285,8.0,630,5,136.34,RUB,2024-08-07 04:58:00,processing
286,466.0,472,1,69.56,EUR,2026-04-19 03:51:00,cancelled
287,52.0,304,3,218.59,RUB,2025-11-27 14:56:49,completed
288,556.0,305,4,18.58,EUR,2025-09-14 03:02:19,processing
289,37.0,255,1,270.32,EUR,2024-11-17 12:17:24,completed
290,87.0,282,2,320.13,EUR,2025-06-21 03:29:25,cancelled
291,470.0,79,5,288.84,USD,2025-03-14 05:28:31,cancelled
292,,81,1,197.14,RUB,2026-01-27 07:05:31,cancelled
293,653.0,264,1,100.13,RUB,2025-07-12 13:09:13,processing
294,669.0,585,4,482.93,USD,2024-11-09 04:34:29,cancelled
295,311.0,384,2,350.19,USD,2025-08-12 21:05:17,processing
296,485.0,284,3,375.97,USD,2026-01-24 12:05:25,processing
297,,6,2,342.32,EUR,2025-11-17 22:02:44,cancelled
298,,614,2,144.64,EUR,2024-08-20 10:16:22,processing
299,326.0,295,3,118.32,RUB,2026-03-29 17:26:48,processing
300,730.0,555,4,321.04,EUR,2025-10-05 13:34:13,cancelled
301,488.0,156,3,166.62,EUR,,cancelled
302,511.0,586,4,135.29,USD,2025-12-12 16:55:50,completed
303,647.0,379,1,111.7,RUB,2025-08-13 15:08:24,cancelled
304,299.0,599,4,24.49,RUB,2025-04-05 19:43:06,completed
305,640.0,570,1,378.18,EUR,2026-01-14 07:40:00,processing
306,503.0,127,5,74.53,RUB,2026-02-01 07:58:13,completed
307,406.0,411,5,151.78,USD,2025-02-07 09:01:17,processing
308,419.0,646,5,146.65,EUR,2025-06-26 06:26:09,completed
309,681.0,402,3,256.13,RUB,2024-09-30 11:56:24,completed
310,414.0,410,4,86.91,USD,2024-11-23 04:42:05,cancelled
311,4.0,101,4,331.53,RUB,2024-07-10 01:16:50,cancelled
312,595.0,634,4,102.55,USD,2024-09-06 02:44:52,completed
313,142.0,419,1,303.79,RUB,2024-11-17 21:29:55,completed
314,333.0,24,4,345.34,EUR,2025-01-30 02:53:28,processing
315,616.0,166,5,260.55,USD,2024-11-21 09:02:00,cancelled
316,378.0,331,4,469.2,USD,2025-12-05 04:59:49,completed
317,301.0,618,5,235.98,USD,2025-09-29 19:46:51,cancelled
318,248.0,340,5,324.28,RUB,2024-10-31 15:03:24,completed
319,251.0,417,1,376.82,RUB,2024-11-10 08:53:48,processing
320,482.0,551,4,479.21,RUB,2024-09-21 11:13:16,completed
321,733.0,493,5,360.23,EUR,2025-08-12 12:11:26,processing
322,62.0,524,1,188.05,RUB,2026-04-26 06:28:07,processing
323,666.0,594,1,81.53,EUR,2024-11-14 05:56:07,completed
324,740.0,495,3,79.56,USD,2025-12-23 17:39:44,completed
325,271.0,504,1,234.54,RUB,2024-07-08 11:34:56,completed
326,267.0,265,3,395.81,RUB,2025-05-15 02:31:04,processing
327,282.0,227,2,265.67,USD,2025-11-27 20:08:34,cancelled
328,578.0,487,2,288.14,EUR,2025-11-12 11:10:17,processing
329,451.0,394,2,81.8,EUR,2024-12-31 05:39:33,cancelled
330,653.0,13,5,158.45,RUB,2025-04-30 20:13:55,cancelled
331,373.0,175,5,208.86,RUB,2026-04-21 10:54:11,cancelled
332,660.0,497,3,266.44,EUR,2025-01-16 16:34:01,processing
333,174.0,67,4,449.6,USD,2026-01-29 06:18:42,cancelled
334,231.0,123,3,308.23,RUB,2024-11-05 07:28:43,processing
335,202.0,234,1,421.59,RUB,2024-05-31 07:57:22,processing
336,208.0,69,1,476.49,RUB,2026-04-23 13:41:35,cancelled
337,567.0,458,5,437.58,USD,2024-11-29 00:25:54,processing
338,536.0,251,2,347.95,RUB,2024-09-05 02:38:27,completed
339,707.0,94,5,140.22,EUR,2026-02-08 16:59:47,processing
340,195.0,213,2,266.05,USD,2025-05-06 08:39:08,completed
341,250.0,327,4,58.15,USD,2025-03-19 17:25:34,processing
342,75.0,556,1,243.26,USD,2025-09-02 05:19:35,processing
343,221.0,454,1,295.04,USD,2025-07-15 22:13:46,processing
344,200.0,417,4,496.2,EUR,2025-05-02 03:15:54,processing
345,278.0,307,5,246.81,EUR,2025-05-18 07:28:32,cancelled
346,545.0,451,5,256.5,RUB,2025-09-11 12:25:21,completed
347,187.0,184,5,240.55,USD,2026-03-04 07:26:16,completed
348,443.0,552,4,177.79,RUB,2025-11-29 11:19:54,completed
349,199.0,328,2,160.53,EUR,2026-02-09 01:20:56,processing
350,484.0,159,5,113.04,RUB,2024-11-08 04:03:27,cancelled
351,161.0,161,2,427.66,RUB,2025-08-01 02:43:00,cancelled
352,529.0,235,4,392.08,EUR,2025-12-08 03:35:40,cancelled
353,484.0,363,3,81.04,EUR,2025-05-06 19:17:35,processing
354,323.0,414,4,383.72,USD,2024-12-30 14:58:30,completed
355,419.0,208,4,385.85,USD,2025-04-23 00:58:45,completed
356,678.0,392,3,21.6,EUR,2024-07-11 21:38:37,cancelled
357,572.0,281,2,312.6,EUR,2024-10-23 05:27:16,completed
358,77.0,482,4,471.33,RUB,2025-03-11 00:29:53,completed
359,676.0,601,4,132.42,RUB,2026-03-03 10:39:42,cancelled
360,61.0,292,3,273.57,EUR,2025-03-16 11:17:52,completed
361,484.0,424,3,488.82,RUB,2025-12-22 17:22:10,completed
362,155.0,336,5,53.12,USD,2024-09-21 10:18:22,processing
363,560.0,23,5,410.48,RUB,2025-11-18 15:27:17,completed
364,70.0,457,3,479.03,EUR,2025-06-07 03:08:54,processing
365,220.0,266,4,187.48,USD,2024-09-25 08:03:08,cancelled
366,619.0,406,1,324.7,EUR,,cancelled
367,50.0,448,5,193.0,RUB,2025-12-18 18:39:04,completed
368,517.0,342,5,251.08,RUB,2025-09-30 10:29:37,processing
369,69.0,163,5,392.49,RUB,2025-05-23 00:36:59,processing
370,90.0,442,2,378.43,RUB,2026-03-26 19:54:32,cancelled
371,477.0,187,2,328.72,USD,2024-05-25 09:49:13,processing
372,590.0,589,4,445.8,EUR,2024-08-25 16:12:46,cancelled
373,7.0,155,1,120.36,EUR,2025-09-28 09:39:54,cancelled
374,229.0,206,5,234.3,RUB,2024-10-26 14:15:25,processing
375,364.0,212,5,84.78,USD,2026-03-07 18:00:56,cancelled
376,186.0,357,1,391.94,RUB,2024-07-18 15:44:12,completed
377,336.0,435,2,108.83,USD,2024-12-28 14:26:55,cancelled
378,239.0,127,3,23.38,EUR,2025-11-12 06:14:38,cancelled
379,27.0,450,2,196.4,EUR,2025-03-26 05:14:05,cancelled
380,204.0,519,1,55.5,USD,2025-07-23 02:03:28,processing
381,742.0,620,2,68.98,EUR,2025-08-19 11:17:48,cancelled
382,325.0,490,1,401.9,EUR,2025-09-12 06:13:43,cancelled
383,521.0,410,1,196.21,EUR,2024-12-31 03:18:39,completed
384,364.0,308,1,222.73,RUB,2025-06-24 20:15:33,completed
385,719.0,282,4,439.21,USD,2024-12-20 09:45:09,processing
386,663.0,132,2,96.91,USD,2025-04-16 02:31:48,processing
387,160.0,301,1,39.98,USD,2025-01-16 21:36:42,cancelled
388,633.0,156,2,95.57,RUB,2026-03-31 23:44:25,processing
389,685.0,510,1,395.41,USD,2024-06-20 23:42:54,completed
390,314.0,27,3,314.74,USD,2025-07-29 18:43:19,cancelled
391,30.0,553,2,457.65,USD,2025-06-12 10:42:51,cancelled
392,613.0,95,1,17.32,USD,2024-07-01 16:35:23,cancelled
393,68.0,451,4,429.51,RUB,2025-03-05 20:27:13,completed
394,618.0,132,4,240.05,EUR,,cancelled
395,673.0,585,1,244.12,RUB,2025-06-28 14:30:24,completed
396,129.0,98,2,120.52,USD,2025-04-24 20:58:29,processing
397,414.0,309,2,120.85,USD,2024-12-29 01:57:27,cancelled
398,728.0,135,5,263.28,EUR,2025-09-28 06:39:23,cancelled
399,433.0,648,1,376.49,EUR,2026-04-23 10:43:59,completed
400,203.0,166,1,419.34,USD,,cancelled
401,,416,3,102.0,RUB,2025-06-11 00:17:34,cancelled
402,220.0,527,4,67.73,EUR,2025-03-25 06:00:52,cancelled
403,346.0,563,3,405.42,EUR,2026-01-10 23:31:38,cancelled
404,680.0,437,5,138.8,EUR,2025-04-25 12:30:28,processing
405,27.0,124,2,487.79,USD,2025-10-25 02:47:47,processing
406,730.0,85,3,231.76,RUB,2024-11-13 04:33:32,processing
407,187.0,228,5,105.49,RUB,2025-07-25 17:57:57,completed
408,204.0,544,5,392.17,RUB,2025-09-22 06:41:23,processing
409,49.0,171,2,349.91,RUB,2025-08-28 16:00:37,cancelled
410,163.0,156,5,120.87,RUB,2025-07-14 09:44:10,processing
411,625.0,304,1,479.94,EUR,2025-02-17 13:01:00,cancelled
412,535.0,308,4,167.74,RUB,2024-09-02 10:06:07,completed
413,77.0,628,3,112.29,RUB,2025-09-27 20:11:37,processing
414,69.0,249,2,245.66,USD,2025-02-20 12:21:36,cancelled
415,164.0,73,2,131.8,EUR,2025-04-12 06:09:13,completed
416,283.0,211,5,472.73,USD,2025-02-02 03:41:55,cancelled
417,146.0,319,1,322.01,RUB,2025-03-17 06:20:48,processing
418,106.0,128,2,333.61,EUR,2025-04-05 16:26:16,processing
419,625.0,391,3,438.87,USD,2025-01-30 01:54:30,cancelled
420,116.0,499,2,439.36,RUB,2024-11-29 04:07:33,cancelled
421,231.0,248,5,480.27,EUR,2025-12-08 13:07:27,processing
422,507.0,287,4,37.76,USD,2024-12-03 23:15:59,processing
423,283.0,366,3,215.63,EUR,2025-02-14 11:05:55,completed
424,14.0,606,2,297.03,USD,2026-05-17 14:53:41,cancelled
425,682.0,385,4,284.73,RUB,2025-06-27 07:09:19,processing
426,532.0,101,1,304.81,RUB,2025-07-10 14:42:15,processing
427,98.0,619,3,294.26,RUB,2025-07-21 07:00:28,cancelled
428,404.0,536,4,427.59,RUB,2026-01-23 03:25:00,completed
429,409.0,222,4,337.84,USD,2024-05-30 01:37:34,processing
430,,30,1,153.22,EUR,2024-10-30 04:04:52,processing
431,468.0,284,3,182.67,USD,2025-05-29 10:18:19,cancelled
432,49.0,215,3,386.62,USD,2026-05-12 03:05:24,processing
433,561.0,512,3,392.67,USD,2024-08-20 19:43:46,completed
434,342.0,104,2,165.1,EUR,2024-09-01 07:17:34,processing
435,93.0,208,4,323.34,EUR,2024-06-25 08:33:10,cancelled
436,725.0,173,4,448.93,USD,2024-12-27 06:16:13,cancelled
437,17.0,304,5,353.11,RUB,2025-04-11 08:00:59,processing
438,552.0,613,1,107.32,USD,2026-04-28 05:36:27,processing
439,415.0,137,3,271.09,EUR,2025-06-16 15:02:20,cancelled
440,107.0,332,3,310.58,USD,2025-04-17 19:27:01,completed
441,454.0,27,2,337.09,EUR,2026-01-26 02:15:26,cancelled
442,230.0,222,2,438.82,EUR,2026-02-09 15:59:48,completed
443,13.0,425,5,246.8,EUR,2025-07-02 16:02:46,processing
444,565.0,410,2,425.47,RUB,2025-05-30 11:56:15,processing
445,590.0,270,3,356.31,EUR,2026-02-18 11:03:07,cancelled
446,380.0,79,2,166.88,EUR,2024-07-09 02:29:35,processing
447,138.0,132,2,399.82,RUB,2024-06-04 16:01:21,completed
448,520.0,234,1,405.55,RUB,2025-04-19 03:20:11,processing
449,357.0,477,5,412.33,USD,2024-07-31 06:08:40,cancelled
450,589.0,67,4,253.6,EUR,2024-05-31 21:00:43,completed
451,23.0,152,1,448.96,EUR,2026-01-11 00:54:53,completed
452,699.0,29,3,289.18,RUB,2025-05-02 08:31:05,processing
453,613.0,463,2,493.24,USD,2025-07-21 07:05:18,cancelled
454,552.0,417,2,289.23,RUB,2025-01-08 13:28:26,completed
455,553.0,367,1,485.74,USD,2024-08-17 19:56:18,processing
456,123.0,166,1,269.59,RUB,2024-06-27 20:13:18,processing
457,200.0,507,2,419.51,USD,2025-02-06 09:12:15,processing
458,123.0,397,4,291.26,RUB,2025-01-16 12:26:40,cancelled
459,391.0,364,3,99.66,EUR,2024-07-22 14:02:49,completed
460,725.0,206,1,100.44,EUR,2024-10-31 08:29:29,completed
461,360.0,537,3,231.35,USD,2025-12-11 07:20:39,cancelled
462,21.0,98,5,38.98,EUR,2024-08-31 09:01:30,completed
463,2.0,29,1,170.16,EUR,2025-09-28 23:52:28,processing
464,577.0,511,2,102.36,RUB,2026-01-06 10:52:42,completed
465,549.0,182,2,303.86,RUB,2024-12-02 21:51:22,cancelled
466,724.0,32,5,82.94,EUR,2025-09-29 10:06:24,processing
467,40.0,299,1,405.53,EUR,2025-06-28 07:08:38,completed
468,358.0,198,2,451.11,EUR,2026-01-08 15:27:32,processing
469,159.0,399,4,465.02,RUB,2025-06-07 05:47:39,cancelled
470,120.0,503,2,189.19,USD,2025-01-27 19:24:41,completed
471,,606,4,407.34,RUB,2026-02-03 22:33:35,completed
472,533.0,545,5,285.87,RUB,2024-12-29 07:25:46,processing
473,404.0,203,3,166.96,EUR,2026-03-15 00:57:18,cancelled
474,642.0,107,1,250.33,EUR,2024-09-17 18:27:55,cancelled
475,575.0,57,4,496.22,EUR,2025-07-21 15:14:59,processing
476,43.0,556,5,376.45,RUB,2025-09-07 06:10:12,completed
477,657.0,395,1,33.13,EUR,2026-03-27 06:31:54,completed
478,361.0,183,4,371.88,RUB,2025-06-04 16:37:08,processing
479,380.0,227,2,58.34,USD,2025-03-21 01:49:33,processing
480,328.0,16,2,289.86,RUB,2025-11-04 03:05:23,completed
481,391.0,339,3,12.32,USD,2025-10-04 07:11:23,completed
482,400.0,614,4,31.93,USD,2025-01-23 22:06:10,completed
483,637.0,642,4,343.39,RUB,2024-05-30 23:47:26,cancelled
484,210.0,426,3,210.51,USD,2025-06-10 06:28:46,cancelled
485,387.0,642,4,134.18,USD,2025-05-17 12:50:32,processing
486,,73,2,334.85,USD,2024-07-23 07:40:02,processing
487,118.0,336,4,42.59,RUB,2024-10-19 22:53:44,completed
488,263.0,292,4,149.56,EUR,2026-02-23 12:10:36,processing
489,268.0,510,2,475.6,RUB,2024-09-28 18:19:43,completed
490,131.0,39,4,63.58,USD,2024-09-21 09:36:19,cancelled
491,189.0,380,1,128.46,RUB,2024-12-14 16:37:29,cancelled
492,147.0,216,5,385.73,USD,2025-12-03 03:30:59,processing
493,,180,2,177.26,EUR,,cancelled
494,474.0,518,4,196.22,EUR,2026-01-07 10:33:47,completed
495,231.0,72,4,22.4,EUR,2026-03-03 01:52:52,completed
496,617.0,59,2,278.09,EUR,2025-09-28 17:55:52,completed
497,702.0,330,1,313.11,USD,2025-04-26 20:45:02,cancelled
498,40.0,577,2,12.89,USD,2025-10-14 11:30:50,completed
499,397.0,578,2,383.47,USD,2025-08-15 13:41:54,processing
500,,396,4,469.23,RUB,2025-01-03 19:25:25,cancelled
501,703.0,257,2,344.61,RUB,2025-09-25 01:15:16,cancelled
502,652.0,230,2,232.57,EUR,2024-11-25 01:45:07,completed
503,294.0,377,4,499.58,USD,2024-11-25 16:12:59,processing
504,22.0,555,1,235.37,RUB,2025-03-18 12:30:07,completed
505,412.0,428,2,471.52,EUR,2024-12-07 02:39:32,cancelled
506,464.0,409,3,175.52,RUB,2024-09-13 02:37:26,completed
507,741.0,634,2,288.51,RUB,2026-01-20 05:29:54,cancelled
508,475.0,219,4,193.66,EUR,2026-02-11 21:14:42,cancelled
509,145.0,423,4,157.16,RUB,2025-11-22 20:08:50,completed
510,205.0,443,2,333.23,RUB,2024-06-22 22:27:45,completed
511,,577,5,336.83,EUR,2026-03-08 08:04:01,completed
512,657.0,480,2,83.83,EUR,2026-03-27 02:29:39,completed
513,134.0,544,5,467.18,RUB,2024-05-27 14:51:43,processing
514,644.0,55,1,52.02,USD,2026-05-18 12:10:53,cancelled
515,93.0,315,2,374.36,USD,2025-09-25 15:17:28,completed
516,372.0,180,4,242.79,RUB,2026-04-14 04:04:52,cancelled
517,311.0,546,2,90.0,USD,2026-02-18 07:07:34,processing
518,420.0,256,4,352.93,EUR,2024-06-14 04:42:03,completed
519,680.0,391,1,380.28,USD,2025-09-07 04:14:58,cancelled
520,389.0,452,5,347.18,EUR,2025-03-25 19:11:46,processing
521,586.0,353,4,473.84,RUB,2025-01-16 01:10:03,cancelled
522,88.0,404,2,315.78,RUB,2026-02-22 10:17:49,completed
523,114.0,300,2,481.17,EUR,2025-06-10 05:59:22,processing
524,86.0,428,4,17.82,RUB,2025-10-18 14:56:54,completed
525,374.0,502,3,491.2,USD,2024-12-09 04:01:49,cancelled
526,171.0,346,3,138.93,EUR,2024-07-18 17:00:22,completed
527,280.0,565,4,333.11,EUR,2025-03-10 09:44:44,completed
528,134.0,310,1,369.97,USD,2025-11-14 05:42:45,cancelled
529,205.0,385,1,350.69,EUR,2024-10-28 18:48:41,cancelled
530,376.0,136,4,209.53,EUR,2025-02-23 09:30:43,cancelled
531,737.0,87,3,140.67,EUR,2026-02-09 18:37:19,processing
532,327.0,249,1,407.27,USD,2024-07-13 20:40:29,completed
533,182.0,10,2,391.65,USD,2026-04-21 00:06:51,processing
534,14.0,642,5,44.49,RUB,2026-04-09 23:16:20,cancelled
535,647.0,143,1,310.16,USD,2025-01-03 01:01:30,completed
536,84.0,239,1,11.88,RUB,2024-07-09 13:23:08,completed
537,52.0,508,5,104.39,USD,2025-08-29 04:58:20,processing
538,724.0,454,5,433.85,USD,2025-12-03 00:11:36,completed
539,,590,2,139.0,RUB,2024-10-02 23:24:52,completed
540,717.0,234,2,101.65,EUR,2025-09-20 07:21:58,completed
541,405.0,293,5,212.02,RUB,2026-01-14 12:15:20,completed
542,437.0,258,2,269.97,RUB,2025-12-21 19:54:49,cancelled
543,166.0,635,3,452.32,USD,2024-08-31 13:01:48,cancelled
544,82.0,91,4,15.88,RUB,2026-03-31 22:06:52,cancelled
545,603.0,583,5,342.32,USD,2026-01-04 05:37:27,cancelled
546,745.0,501,4,191.52,EUR,2025-08-26 05:48:34,cancelled
547,560.0,362,5,93.57,RUB,2024-06-30 15:26:30,cancelled
548,477.0,464,4,237.18,EUR,2026-02-16 16:37:36,completed
549,146.0,391,1,437.95,EUR,2024-08-15 02:45:01,processing
550,153.0,223,2,84.01,USD,,completed
551,17.0,402,3,106.9,EUR,2026-05-08 03:59:50,completed
552,311.0,622,3,121.59,EUR,2025-03-02 19:07:25,processing
553,512.0,62,2,248.8,RUB,2025-09-15 18:40:28,cancelled
554,109.0,241,4,307.83,USD,2025-06-01 19:47:12,processing
555,507.0,163,1,478.86,RUB,2024-07-26 09:29:02,cancelled
556,646.0,543,5,69.71,USD,2024-06-03 06:38:09,cancelled
557,350.0,65,2,191.09,EUR,2025-12-16 08:12:51,completed
558,458.0,650,3,347.26,EUR,2025-06-08 18:13:38,cancelled
559,288.0,330,3,352.18,USD,2025-09-15 05:10:04,processing
560,587.0,501,5,308.6,USD,2025-12-11 12:25:01,processing
561,482.0,639,1,198.23,USD,2025-10-25 13:12:58,cancelled
562,84.0,198,3,42.79,EUR,2025-01-10 18:26:28,cancelled
563,729.0,649,1,242.14,USD,2025-04-11 19:24:21,completed
564,336.0,328,5,81.6,EUR,2025-12-23 05:46:57,cancelled
565,322.0,620,2,479.29,RUB,2025-04-29 04:26:27,completed
566,303.0,290,2,266.52,RUB,2025-01-10 11:11:50,completed
567,386.0,148,1,156.11,USD,2024-11-20 19:29:59,cancelled
568,,152,4,48.57,EUR,2024-08-27 03:47:47,cancelled
569,641.0,281,4,381.65,USD,2024-09-15 02:40:41,cancelled
570,283.0,331,3,89.82,USD,2024-10-04 12:22:10,completed
571,127.0,385,4,190.72,EUR,2024-08-24 12:43:59,processing
572,27.0,36,4,97.22,RUB,2024-06-09 08:38:27,processing
573,290.0,136,1,442.8,USD,2025-01-30 15:24:11,cancelled
574,66.0,241,1,266.16,RUB,2026-02-07 04:35:54,completed
575,369.0,505,4,178.35,USD,2024-12-24 06:16:42,cancelled
576,559.0,92,4,350.35,RUB,2025-06-25 12:39:27,completed
577,460.0,572,3,121.42,USD,2025-11-17 04:00:02,completed
578,54.0,239,4,30.77,USD,2024-09-26 19:07:13,completed
579,141.0,505,4,19.44,EUR,2025-11-03 01:52:31,completed
580,686.0,37,1,29.66,RUB,2025-11-07 10:39:50,completed
581,236.0,522,1,294.98,EUR,,completed
582,407.0,384,5,147.89,RUB,2024-06-28 07:56:18,processing
583,398.0,335,5,135.58,USD,2024-10-15 10:35:18,cancelled
584,403.0,525,1,228.32,RUB,2025-01-06 18:15:25,cancelled
585,210.0,205,1,373.98,USD,2024-09-21 14:53:48,processing
586,306.0,475,5,410.75,EUR,2024-09-22 19:16:13,completed
587,664.0,318,3,116.23,USD,2025-01-17 23:47:28,completed
588,222.0,398,2,254.8,RUB,2025-09-20 22:01:04,processing
589,336.0,575,2,461.2,EUR,2025-01-31 08:21:16,processing
590,293.0,1,2,48.06,USD,2024-06-04 00:07:34,completed
591,635.0,456,3,465.78,EUR,,cancelled
592,747.0,196,1,190.34,RUB,2026-02-16 12:06:53,cancelled
593,382.0,123,1,155.76,USD,2026-01-11 11:57:19,cancelled
594,146.0,32,2,68.96,RUB,2025-02-09 21:31:07,cancelled
595,,571,2,233.07,RUB,2025-06-11 09:31:40,cancelled
596,,221,1,368.4,USD,2025-01-31 05:29:22,completed
597,408.0,423,4,221.92,EUR,,completed
598,14.0,289,1,480.12,EUR,2024-07-20 17:53:35,processing
599,491.0,241,3,481.96,USD,2025-08-23 09:29:12,processing
600,459.0,573,1,438.03,EUR,2024-07-07 14:26:58,processing
601,501.0,613,1,150.39,USD,2025-11-19 02:59:51,cancelled
602,468.0,565,3,332.71,EUR,2025-10-18 21:05:00,processing
603,150.0,382,4,95.24,EUR,2025-03-03 19:37:16,cancelled
604,356.0,369,4,341.1,EUR,2024-12-18 23:40:55,cancelled
605,89.0,478,3,463.11,RUB,2025-05-01 22:32:45,cancelled
606,553.0,149,1,178.29,RUB,2025-05-05 21:11:10,processing
607,350.0,143,2,427.04,RUB,2024-09-11 00:25:10,completed
608,710.0,43,1,495.35,RUB,2025-11-01 02:47:01,processing
609,107.0,233,5,335.67,USD,2025-06-29 07:44:34,processing
610,727.0,562,3,368.61,EUR,2024-11-17 19:35:42,cancelled
611,536.0,109,5,182.06,EUR,2025-06-24 14:31:06,completed
612,656.0,111,2,360.94,RUB,2025-11-04 09:51:24,cancelled
613,148.0,311,3,128.5,EUR,2025-03-24 14:19:52,completed
614,555.0,303,2,21.52,USD,2024-10-29 10:39:31,completed
615,213.0,122,1,42.84,EUR,2024-09-26 03:59:58,cancelled
616,367.0,384,5,157.11,EUR,,completed
617,312.0,43,4,321.26,RUB,2025-10-27 01:52:41,processing
618,504.0,485,3,25.21,RUB,2026-05-22 12:16:39,cancelled
619,552.0,503,5,313.91,EUR,2024-11-09 00:38:26,completed
620,,95,1,242.69,RUB,2024-12-25 10:46:33,completed
621,252.0,346,1,232.8,RUB,2025-01-28 17:02:53,completed
622,619.0,463,3,280.79,RUB,2026-04-30 09:32:01,completed
623,629.0,29,2,300.78,RUB,,processing
624,456.0,549,3,351.59,EUR,2026-05-12 18:48:52,processing
625,,301,5,250.64,EUR,2025-10-13 06:44:24,completed
626,41.0,204,1,346.54,USD,2024-11-26 11:07:19,cancelled
627,498.0,310,2,388.51,USD,2025-08-19 15:49:14,completed
628,229.0,119,4,122.08,EUR,2024-06-16 21:07:22,completed
629,169.0,509,5,285.76,EUR,2025-09-18 07:00:44,cancelled
630,716.0,429,3,321.07,USD,2026-05-20 01:17:09,cancelled
631,35.0,270,4,42.8,USD,2024-08-09 19:58:52,processing
632,367.0,124,2,454.24,USD,2025-05-22 12:28:26,completed
633,166.0,383,2,228.59,RUB,2025-11-07 10:36:22,processing
634,270.0,574,2,295.24,USD,2025-04-04 00:45:17,completed
635,238.0,523,4,15.48,USD,2025-01-25 16:10:01,completed
636,116.0,328,5,14.34,USD,2025-06-23 17:54:14,completed
637,492.0,102,4,244.35,USD,2026-05-03 15:52:01,completed
638,398.0,523,1,81.6,USD,2024-06-29 04:45:34,completed
639,70.0,642,1,287.42,USD,2026-05-15 09:16:08,cancelled
640,641.0,44,3,209.13,EUR,2025-02-12 07:54:12,cancelled
641,,231,3,201.48,RUB,2025-09-11 08:52:23,processing
642,131.0,162,5,445.48,RUB,2025-12-29 08:42:14,completed
643,614.0,428,1,222.04,USD,2024-06-23 01:41:42,completed
644,576.0,379,2,388.73,USD,2024-06-02 00:02:46,cancelled
645,403.0,620,3,158.71,RUB,2025-05-15 18:31:43,cancelled
646,316.0,604,4,199.19,RUB,2026-05-20 21:35:10,processing
647,574.0,94,5,77.26,EUR,2026-04-26 21:43:09,processing
648,502.0,645,5,319.37,EUR,2025-04-22 16:03:12,cancelled
649,278.0,246,2,163.4,EUR,2024-08-22 18:51:11,processing
650,196.0,286,3,263.66,EUR,2025-10-27 01:40:39,cancelled
651,613.0,303,5,446.37,USD,2025-05-21 06:14:51,completed
652,704.0,596,5,167.36,EUR,2026-05-20 13:26:07,processing
653,178.0,613,3,322.91,USD,2025-07-25 09:03:33,processing
654,346.0,496,4,193.75,EUR,2024-06-06 04:48:33,processing
655,278.0,74,3,81.71,RUB,2024-08-17 08:34:55,cancelled
656,128.0,261,4,11.6,USD,2025-04-06 23:23:11,cancelled
657,466.0,204,3,260.45,EUR,2025-05-08 16:00:21,cancelled
658,53.0,448,4,301.68,EUR,2025-06-17 08:19:24,cancelled
659,321.0,43,3,382.46,USD,2024-06-26 18:51:58,completed
660,285.0,434,2,394.1,RUB,2026-02-22 06:26:13,completed
661,41.0,284,1,64.6,RUB,2024-05-31 05:15:51,cancelled
662,441.0,566,5,289.6,EUR,2026-01-17 23:26:36,cancelled
663,243.0,393,3,383.55,USD,2025-04-30 07:01:42,completed
664,555.0,277,1,289.91,RUB,2025-06-09 16:59:41,cancelled
665,128.0,170,2,128.59,RUB,2025-02-11 23:02:59,completed
666,226.0,396,3,223.24,RUB,,cancelled
667,219.0,154,4,359.09,EUR,2024-07-25 21:05:02,processing
668,394.0,211,1,275.22,EUR,2025-08-22 01:23:05,processing
669,504.0,520,3,167.82,EUR,2024-06-03 21:07:34,processing
670,398.0,616,3,80.81,USD,2024-05-26 22:14:52,processing
671,700.0,415,2,116.78,EUR,2026-05-13 20:10:59,cancelled
672,255.0,25,4,304.21,EUR,2024-10-10 14:44:10,processing
673,577.0,399,4,359.4,USD,2024-10-02 21:19:33,processing
674,354.0,92,4,364.85,EUR,,cancelled
675,262.0,225,3,244.48,USD,2026-03-14 16:37:23,processing
676,661.0,374,2,424.49,EUR,2025-07-18 13:06:29,completed
677,235.0,52,1,311.57,RUB,2025-10-10 12:20:00,cancelled
678,82.0,286,2,153.64,EUR,2025-10-31 13:58:42,completed
679,235.0,636,1,123.59,USD,2026-03-30 11:43:19,completed
680,587.0,434,2,151.24,EUR,2026-02-01 08:19:05,completed
681,,104,5,359.14,USD,2024-11-20 17:23:00,cancelled
682,184.0,184,5,382.82,RUB,2026-01-31 17:24:40,completed
683,547.0,279,1,169.48,USD,2026-01-22 09:55:27,processing
684,22.0,481,4,76.13,USD,2025-06-13 22:05:15,completed
685,136.0,474,3,291.19,EUR,2026-03-18 16:09:20,completed
686,466.0,44,2,89.42,RUB,2025-12-03 13:25:40,completed
687,387.0,405,5,401.43,RUB,2026-04-11 23:00:17,processing
688,555.0,363,4,481.43,RUB,2024-08-31 09:51:18,processing
689,592.0,171,3,266.5,EUR,2024-10-23 18:27:58,processing
690,512.0,306,1,303.9,EUR,2026-05-05 23:28:08,completed
691,619.0,499,3,193.08,EUR,2025-01-31 23:34:54,completed
692,17.0,144,2,230.47,RUB,2024-06-23 19:05:44,processing
693,310.0,499,2,452.8,EUR,2024-08-04 15:45:42,cancelled
694,478.0,53,2,237.02,EUR,2026-03-16 07:15:52,completed
695,150.0,477,3,193.28,EUR,2025-04-20 13:36:56,cancelled
696,670.0,565,3,183.84,RUB,2025-07-16 23:02:26,cancelled
697,42.0,199,4,43.2,EUR,2025-08-19 11:07:14,cancelled
698,519.0,277,2,374.73,RUB,2024-09-12 10:15:50,completed
699,26.0,343,3,21.83,EUR,2025-07-10 06:58:06,processing
700,472.0,600,3,34.95,RUB,2025-01-31 11:26:48,completed
701,449.0,580,5,27.72,RUB,2024-08-14 00:27:24,processing
702,69.0,451,4,171.77,RUB,2025-07-05 17:34:46,processing
703,740.0,283,2,55.66,EUR,2025-06-06 16:04:58,cancelled
704,,199,2,105.3,RUB,2025-03-09 19:48:46,cancelled
705,156.0,168,2,10.28,USD,2025-01-12 02:06:40,completed
706,272.0,506,2,239.47,USD,2025-04-02 00:14:03,completed
707,82.0,481,3,312.23,EUR,2024-12-31 18:19:55,cancelled
708,591.0,540,3,319.45,EUR,2026-03-19 01:02:38,completed
709,684.0,252,5,344.47,RUB,2025-10-14 23:53:09,completed
710,23.0,415,5,157.28,RUB,2026-03-31 00:25:11,completed
711,606.0,229,1,413.79,RUB,2026-03-07 03:46:09,completed
712,255.0,372,1,351.72,RUB,2025-01-25 21:19:00,cancelled
713,410.0,493,1,128.82,RUB,2025-03-16 06:22:56,processing
714,68.0,158,1,223.46,EUR,2025-05-03 02:09:45,cancelled
715,485.0,499,3,67.93,USD,2026-02-02 13:45:24,cancelled
716,406.0,169,2,150.37,RUB,2025-07-09 22:19:07,cancelled
717,164.0,9,1,59.32,USD,2026-05-22 00:47:50,completed
718,554.0,483,2,496.0,USD,2024-11-15 13:22:44,completed
719,34.0,366,3,342.58,RUB,2024-06-02 02:11:46,processing
720,586.0,597,3,171.77,USD,2025-08-17 22:23:41,completed
721,41.0,503,2,396.88,EUR,2024-08-28 09:30:41,completed
722,274.0,292,5,45.12,RUB,2025-04-14 13:20:31,completed
723,67.0,528,2,325.3,RUB,2024-12-01 21:59:26,completed
724,509.0,167,1,202.76,EUR,2024-08-10 17:49:44,processing
725,485.0,411,5,160.14,RUB,2025-09-05 20:00:02,cancelled
726,241.0,153,3,113.17,EUR,2026-02-16 03:22:16,processing
727,,130,1,82.36,EUR,2024-07-02 05:57:50,completed
728,741.0,494,3,293.84,RUB,2024-06-05 21:56:08,cancelled
729,420.0,215,5,367.4,EUR,2026-01-02 21:25:48,cancelled
730,,33,2,179.09,USD,2026-04-29 02:53:32,cancelled
731,399.0,461,4,394.03,EUR,2025-05-07 18:31:30,completed
732,335.0,189,3,479.45,RUB,2026-03-22 19:26:53,completed
733,169.0,152,4,439.01,EUR,2025-08-07 15:12:22,completed
734,144.0,185,3,454.58,RUB,2024-08-23 20:52:03,cancelled
735,40.0,346,3,402.1,EUR,2026-02-17 09:59:57,completed
736,108.0,341,5,108.84,USD,2026-04-29 13:39:39,processing
737,675.0,605,3,270.13,RUB,2025-08-25 04:23:35,processing
738,627.0,606,1,232.93,RUB,2024-10-09 11:55:54,processing
739,298.0,418,1,149.4,USD,2024-11-04 21:07:02,processing
740,643.0,586,4,465.23,RUB,2026-01-30 21:29:18,completed
741,323.0,40,3,157.14,RUB,2024-11-11 05:09:43,completed
742,685.0,42,3,12.1,USD,2024-09-26 13:22:59,completed
743,461.0,549,1,479.73,EUR,,processing
744,,53,3,386.76,RUB,2024-07-31 08:56:37,cancelled
745,595.0,399,3,392.04,USD,2025-02-19 09:47:10,processing
746,744.0,82,2,16.96,EUR,2025-09-09 01:47:11,cancelled
747,663.0,265,1,73.64,RUB,2025-11-15 02:59:42,completed
748,674.0,168,2,453.92,USD,2025-12-17 15:47:22,cancelled
749,100.0,71,5,348.86,RUB,2025-04-08 19:43:24,completed
750,160.0,277,1,477.26,USD,2025-12-20 19:25:41,completed
751,117.0,477,5,385.34,RUB,2026-04-13 20:29:50,processing
752,126.0,362,1,184.57,USD,2026-01-30 11:50:39,completed
753,398.0,89,3,365.4,RUB,2026-01-06 19:14:24,completed
754,167.0,360,5,105.14,RUB,2024-09-09 21:11:53,completed
755,349.0,413,4,60.75,RUB,2024-12-18 16:31:54,completed
756,172.0,233,5,376.39,USD,2025-06-23 02:09:42,processing
757,507.0,43,3,324.84,USD,2025-11-03 04:59:54,completed
758,464.0,347,1,493.95,EUR,2024-10-13 17:13:32,cancelled
759,8.0,609,1,75.7,USD,2025-04-30 03:40:43,processing
760,575.0,349,4,252.23,RUB,2025-03-18 10:06:36,completed
761,640.0,436,3,130.56,RUB,2024-09-11 03:43:14,cancelled
762,40.0,265,3,335.76,USD,2024-12-08 18:10:28,cancelled
763,157.0,77,1,487.81,EUR,2025-01-29 08:27:16,cancelled
764,316.0,190,1,490.81,EUR,2025-02-25 07:13:26,processing
765,96.0,372,5,303.78,USD,2024-11-14 00:45:32,completed
766,98.0,591,3,445.32,USD,2025-02-16 05:40:09,completed
767,597.0,555,3,162.63,RUB,2024-12-08 00:13:35,completed
768,730.0,305,5,155.63,RUB,2025-09-27 16:28:37,completed
769,414.0,276,4,55.55,EUR,2025-10-08 09:20:32,processing
770,54.0,44,5,11.96,EUR,2024-11-24 15:27:52,cancelled
771,370.0,254,2,299.52,RUB,2025-12-03 14:00:11,completed
772,343.0,646,5,353.34,USD,2025-12-11 03:06:29,completed
773,482.0,522,2,371.55,RUB,2025-02-05 14:28:00,completed
774,,193,3,292.58,RUB,2024-07-15 12:55:30,cancelled
775,561.0,541,5,336.77,USD,2026-04-27 10:27:29,cancelled
776,353.0,276,4,456.27,EUR,2025-09-18 06:49:35,completed
777,632.0,510,4,134.95,RUB,2025-11-30 05:22:11,completed
778,118.0,189,3,348.74,RUB,2024-07-02 10:30:37,processing
779,595.0,256,2,358.42,USD,2026-05-18 09:54:09,processing
780,48.0,116,2,482.96,EUR,2024-09-16 01:02:56,processing
781,3.0,212,1,212.54,EUR,2025-09-19 16:05:11,cancelled
782,148.0,421,1,435.71,EUR,2025-07-13 13:24:27,cancelled
783,676.0,212,2,430.3,USD,2024-07-14 18:51:02,cancelled
784,362.0,448,2,250.06,EUR,2025-02-14 00:37:22,completed
785,,470,1,392.88,USD,2025-02-13 05:04:03,processing
786,297.0,182,3,78.94,EUR,2025-07-02 08:40:31,cancelled
787,15.0,311,1,297.38,EUR,2024-07-27 19:24:57,processing
788,230.0,277,3,421.34,EUR,2024-06-21 01:10:03,completed
789,492.0,498,1,392.69,RUB,2024-09-25 22:13:42,cancelled
790,225.0,380,2,63.81,RUB,2025-02-24 16:22:44,processing
791,261.0,414,5,401.74,RUB,2026-04-08 05:52:38,completed
792,65.0,251,2,450.4,EUR,2026-02-21 16:10:02,processing
793,570.0,509,5,461.7,RUB,2026-02-01 01:30:17,processing
794,4.0,2,5,215.67,EUR,,cancelled
795,199.0,601,4,133.07,EUR,2025-06-11 11:45:45,completed
796,644.0,99,5,286.96,EUR,2025-01-05 14:35:25,cancelled
797,484.0,366,3,32.44,EUR,2026-04-24 13:16:04,cancelled
798,247.0,79,4,479.18,USD,2026-03-13 23:58:48,completed
799,579.0,548,1,110.43,EUR,2025-12-17 18:49:56,processing
800,75.0,227,5,226.23,USD,2024-12-20 17:59:47,processing
801,220.0,419,3,15.73,RUB,2024-11-26 16:53:13,completed
802,288.0,627,2,55.81,USD,2024-10-18 09:51:20,completed
803,96.0,46,5,375.74,USD,2026-01-19 05:25:17,cancelled
804,706.0,222,1,463.85,EUR,2025-04-26 10:43:03,cancelled
805,339.0,1,2,463.16,EUR,2025-08-04 20:22:52,cancelled
806,714.0,28,4,282.58,USD,2025-09-01 06:20:51,processing
807,100.0,240,3,104.35,USD,2025-04-25 00:43:04,processing
808,47.0,472,2,106.85,EUR,2025-07-19 05:02:48,completed
809,678.0,210,1,67.76,RUB,2025-09-23 15:27:18,cancelled
810,643.0,163,4,85.43,USD,2025-04-07 16:59:47,cancelled
811,,112,5,95.8,EUR,2025-11-28 09:55:27,completed
812,162.0,171,1,222.96,RUB,2025-07-06 17:38:30,cancelled
813,731.0,600,5,475.48,RUB,2025-12-05 14:23:39,cancelled
814,464.0,460,5,333.65,USD,2024-08-13 22:15:27,cancelled
815,177.0,220,3,164.71,RUB,2025-05-04 19:13:26,processing
816,21.0,596,5,237.79,USD,2024-07-17 15:16:50,completed
817,712.0,574,5,475.29,USD,2026-01-02 01:44:12,cancelled
818,405.0,552,2,35.89,USD,2024-12-17 17:02:42,completed
819,130.0,248,5,276.4,USD,2024-10-28 22:33:31,processing
820,566.0,563,1,137.23,EUR,2025-05-15 00:28:19,completed
821,,92,2,78.46,USD,2025-02-07 07:49:49,processing
822,152.0,472,5,49.28,EUR,2025-12-27 11:35:07,completed
823,698.0,28,1,26.22,USD,2025-10-06 05:05:06,processing
824,,600,1,50.98,USD,2025-07-15 15:29:35,completed
825,85.0,381,1,225.1,RUB,2026-03-26 00:08:34,completed
826,646.0,389,2,494.32,EUR,2025-04-17 08:34:31,processing
827,118.0,164,3,378.74,EUR,2025-10-26 23:56:08,completed
828,559.0,503,5,274.61,EUR,2025-02-18 01:54:55,processing
829,79.0,322,3,255.69,USD,2024-12-14 06:43:03,cancelled
830,,3,1,31.63,USD,2025-09-27 00:26:44,processing
831,268.0,529,3,53.46,RUB,2026-04-15 08:43:57,cancelled
832,543.0,276,1,125.54,USD,2025-05-19 19:44:56,processing
833,234.0,591,1,189.44,USD,2024-07-21 23:55:00,cancelled
834,,247,4,35.99,USD,2025-08-09 17:34:11,cancelled
835,617.0,640,5,183.99,USD,2025-04-24 05:59:23,processing
836,539.0,402,3,402.98,USD,2026-05-18 01:53:43,cancelled
837,542.0,641,5,371.87,EUR,2025-04-22 00:21:06,processing
838,265.0,255,5,474.74,EUR,2026-05-11 20:40:05,processing
839,199.0,275,5,327.39,EUR,2024-11-22 16:00:48,completed
840,159.0,175,4,313.35,EUR,2024-09-17 20:19:08,processing
841,586.0,22,3,209.74,USD,2026-03-21 08:49:38,completed
842,430.0,318,5,221.14,USD,2024-08-14 03:02:45,cancelled
843,85.0,400,4,152.9,RUB,2025-11-16 07:43:07,completed
844,364.0,192,3,434.47,USD,2025-03-26 13:01:18,cancelled
845,235.0,197,5,344.76,EUR,2024-12-08 03:00:20,processing
846,24.0,298,3,211.48,EUR,2025-08-28 00:14:23,processing
847,590.0,112,1,388.3,RUB,2025-11-12 11:33:41,cancelled
848,248.0,340,2,416.9,EUR,2025-11-11 18:09:33,processing
849,138.0,39,1,340.1,EUR,2025-05-02 16:52:55,cancelled
850,704.0,214,3,127.02,USD,2025-06-12 13:09:56,cancelled
851,199.0,405,3,442.91,USD,2024-10-24 14:50:45,processing
852,228.0,466,1,56.34,RUB,2025-12-25 10:50:05,processing
853,478.0,247,5,33.68,USD,2024-09-25 06:29:39,processing
854,94.0,331,2,76.01,RUB,2025-06-11 11:15:14,completed
855,41.0,518,1,478.54,RUB,2024-12-16 19:13:02,cancelled
856,336.0,538,5,430.61,RUB,2024-06-27 09:03:08,completed
857,11.0,601,1,498.66,USD,2025-08-07 08:54:22,completed
858,343.0,14,2,420.42,RUB,2025-07-06 17:56:37,completed
859,705.0,611,4,139.3,EUR,2025-10-31 09:41:40,completed
860,743.0,377,5,343.26,EUR,2025-04-28 07:05:10,processing
861,355.0,539,3,305.81,USD,2025-12-13 21:25:28,processing
862,589.0,489,2,123.36,RUB,2026-01-18 11:03:21,cancelled
863,28.0,162,4,105.41,RUB,2024-11-05 03:28:58,completed
864,622.0,346,2,231.13,EUR,2026-03-08 08:00:05,cancelled
865,79.0,418,3,73.73,RUB,2025-10-20 21:34:14,processing
866,44.0,439,3,126.45,EUR,2025-04-22 15:45:31,cancelled
867,48.0,44,2,218.99,USD,2026-03-05 23:06:40,completed
868,57.0,91,4,204.94,RUB,2024-08-17 09:02:01,completed
869,396.0,103,3,470.75,USD,2024-07-13 14:51:37,completed
870,224.0,564,1,410.52,RUB,2026-03-19 23:12:04,completed
871,447.0,147,4,217.99,RUB,2025-02-21 05:05:28,processing
872,216.0,119,3,377.34,USD,2025-04-08 22:16:53,completed
873,312.0,351,5,492.72,USD,,cancelled
874,244.0,140,5,370.96,RUB,2025-09-27 21:16:37,cancelled
875,48.0,105,5,364.69,USD,2025-10-02 22:03:02,processing
876,380.0,378,5,412.91,RUB,2024-06-01 18:40:17,processing
877,595.0,464,3,291.3,USD,2026-03-22 07:49:21,cancelled
878,597.0,641,5,356.02,RUB,2025-12-22 11:59:03,cancelled
879,640.0,620,3,416.84,RUB,2025-06-16 01:54:49,processing
880,748.0,303,4,53.93,RUB,2024-10-01 01:17:06,completed
881,549.0,579,5,131.62,EUR,2025-12-12 15:57:41,completed
882,,180,3,289.05,USD,2024-07-16 14:09:01,completed
883,111.0,441,2,154.27,USD,2025-09-28 03:14:20,cancelled
884,578.0,572,4,314.89,USD,2024-08-26 21:03:41,cancelled
885,159.0,453,4,486.45,USD,2026-04-24 04:41:19,completed
886,222.0,334,2,264.8,USD,2024-11-26 10:10:27,processing
887,679.0,142,2,450.28,RUB,2025-05-20 00:06:53,processing
888,575.0,418,3,415.73,EUR,2025-10-09 18:24:16,processing
889,121.0,31,5,308.9,EUR,2024-08-31 20:25:12,processing
890,151.0,273,5,341.51,EUR,2024-08-04 16:08:24,completed
891,564.0,16,4,318.87,USD,2025-08-04 03:53:51,processing
892,494.0,322,2,385.58,RUB,2024-08-01 16:29:46,processing
893,345.0,409,3,423.22,EUR,2026-03-05 06:12:34,processing
894,153.0,642,3,426.38,EUR,2024-09-11 22:55:03,completed
895,31.0,527,2,10.48,RUB,2024-06-29 05:13:53,cancelled
896,615.0,397,1,499.24,USD,2025-03-25 14:38:45,processing
897,207.0,50,5,174.07,USD,2026-01-21 09:03:07,completed
898,385.0,622,3,49.25,RUB,2025-01-28 03:52:47,completed
899,330.0,201,2,432.82,RUB,2025-01-03 16:16:59,processing
900,454.0,287,1,367.69,USD,2025-11-11 22:58:12,cancelled
901,18.0,60,5,147.94,USD,2025-01-20 06:05:43,processing
902,460.0,141,4,338.98,RUB,2025-07-20 03:23:27,cancelled
903,20.0,394,4,365.24,EUR,2025-03-22 10:38:14,completed
904,165.0,24,1,386.87,EUR,2025-04-19 08:12:33,cancelled
905,537.0,238,2,107.24,EUR,2025-12-04 08:42:18,completed
906,136.0,112,2,109.28,EUR,2025-07-20 09:36:09,cancelled
907,558.0,105,2,426.28,USD,2026-03-01 13:46:33,completed
908,618.0,526,2,377.67,USD,2025-03-29 07:49:55,processing
909,326.0,125,5,488.45,EUR,2025-03-20 04:05:57,completed
910,224.0,607,5,155.4,EUR,2025-07-02 17:01:09,completed
911,744.0,302,3,33.41,EUR,2025-11-08 23:12:52,processing
912,45.0,243,3,149.53,USD,2026-01-19 23:33:35,cancelled
913,210.0,146,4,240.5,USD,2024-10-15 23:55:47,cancelled
914,512.0,95,2,46.84,USD,2025-08-19 20:23:00,cancelled
915,604.0,176,2,137.94,EUR,2025-01-16 03:11:05,processing
916,560.0,238,5,224.59,EUR,2025-11-23 11:46:15,processing
917,249.0,419,2,276.32,EUR,2025-11-25 10:39:22,completed
918,347.0,603,1,251.48,RUB,2026-01-05 17:15:11,processing
919,737.0,63,1,232.25,RUB,2024-08-04 05:36:31,cancelled
920,509.0,374,2,431.45,USD,2026-03-21 12:07:35,completed
921,386.0,358,2,98.42,RUB,2025-03-27 22:54:20,cancelled
922,691.0,553,3,17.27,EUR,2024-11-14 02:45:31,cancelled
923,108.0,179,2,368.92,RUB,2026-05-06 23:12:27,completed
924,585.0,571,4,379.93,USD,2025-06-26 06:00:33,processing
925,548.0,296,4,315.48,RUB,2024-07-19 07:20:57,processing
926,17.0,620,1,426.93,USD,2025-08-07 12:11:10,processing
927,748.0,257,4,487.75,RUB,2024-07-28 02:50:13,processing
928,299.0,625,5,175.48,RUB,2025-09-18 10:58:43,processing
929,567.0,559,3,179.92,RUB,2025-07-16 17:05:55,processing
930,469.0,94,1,350.69,EUR,2026-02-19 16:33:32,cancelled
931,184.0,553,4,201.34,USD,2025-09-13 22:24:40,processing
932,,629,3,196.42,USD,2025-09-14 16:16:30,completed
933,737.0,394,4,309.11,EUR,2025-09-03 21:53:38,processing
934,154.0,158,4,257.84,RUB,2024-05-26 19:01:23,completed
935,328.0,326,1,397.36,RUB,2025-10-11 04:05:43,processing
936,,276,2,190.65,RUB,2026-02-18 17:46:11,completed
937,680.0,340,4,196.66,RUB,2024-09-30 16:00:21,processing
938,468.0,181,1,92.28,RUB,2025-05-21 00:13:26,processing
939,351.0,472,2,467.77,EUR,2024-08-01 13:28:11,processing
940,404.0,253,5,154.14,RUB,2024-09-02 14:44:35,processing
941,137.0,200,3,396.87,USD,2025-10-05 19:27:36,processing
942,587.0,336,2,137.76,RUB,2024-06-14 13:29:12,completed
943,546.0,399,4,97.17,EUR,2026-05-02 09:39:41,completed
944,590.0,352,2,435.48,USD,2025-07-31 01:42:53,processing
945,623.0,109,2,431.62,RUB,2025-12-22 15:54:28,processing
946,728.0,573,4,264.28,EUR,2025-03-28 04:41:51,cancelled
947,17.0,8,3,414.18,USD,2025-08-14 06:32:23,completed
948,314.0,116,5,413.92,USD,2025-05-13 07:01:10,cancelled
949,614.0,596,5,418.18,EUR,2024-08-02 10:44:44,completed
950,276.0,91,3,112.99,EUR,2025-10-06 13:02:45,cancelled
951,301.0,178,3,109.13,USD,2025-10-12 04:00:23,cancelled
952,635.0,100,4,366.64,RUB,2024-12-15 11:19:18,completed
953,437.0,154,1,480.3,EUR,2025-10-12 04:26:11,processing
954,659.0,182,1,27.24,EUR,2025-03-14 18:48:39,cancelled
955,393.0,485,1,351.08,RUB,2025-07-09 06:05:30,processing
956,62.0,133,4,13.3,EUR,2026-03-16 08:55:38,completed
957,527.0,339,3,207.07,USD,2024-06-30 16:22:01,processing
958,439.0,552,5,258.16,EUR,2025-07-27 22:37:38,cancelled
959,287.0,346,4,355.99,RUB,2024-10-05 14:01:19,processing
960,686.0,325,5,216.76,EUR,2025-03-27 12:21:18,processing
961,629.0,85,3,479.42,USD,2025-08-25 08:48:14,processing
962,439.0,160,1,442.42,USD,,cancelled
963,382.0,135,2,45.65,USD,2025-07-07 09:28:30,processing
964,119.0,349,1,112.09,EUR,2025-06-07 14:55:03,cancelled
965,35.0,103,4,282.22,USD,2024-12-22 13:41:39,cancelled
966,311.0,635,5,197.7,RUB,2026-02-02 09:47:05,processing
967,503.0,452,2,217.31,RUB,2025-10-03 23:08:29,processing
968,300.0,172,1,73.57,RUB,2024-08-18 20:26:23,cancelled
969,295.0,557,5,117.03,USD,2025-05-23 23:59:39,completed
970,137.0,8,2,307.22,RUB,2025-09-13 17:06:06,processing
971,313.0,251,1,443.89,RUB,2026-04-21 11:19:54,cancelled
972,269.0,546,5,236.96,USD,2025-09-01 13:57:29,completed
973,483.0,359,4,96.7,USD,2025-06-03 04:26:34,cancelled
974,476.0,496,3,285.4,EUR,2025-12-24 08:08:16,completed
975,389.0,93,1,169.46,RUB,2024-06-13 14:02:26,processing
976,686.0,402,5,128.13,USD,2025-10-02 14:32:30,completed
977,563.0,65,1,326.26,USD,2025-10-05 23:48:55,cancelled
978,704.0,597,2,463.64,RUB,2024-12-12 23:59:32,completed
979,30.0,220,5,478.04,RUB,2024-06-21 11:06:16,processing
980,422.0,600,4,401.71,RUB,2026-01-22 00:27:01,completed
981,656.0,333,2,125.86,USD,2025-08-06 22:51:56,processing
982,373.0,209,5,429.29,RUB,2024-08-12 09:23:09,cancelled
983,570.0,475,1,249.66,RUB,2024-08-27 02:24:42,processing
984,505.0,585,3,131.1,USD,2025-04-08 07:24:44,cancelled
985,268.0,120,4,309.49,RUB,2026-02-24 02:37:03,completed
986,458.0,585,5,225.01,USD,2025-08-30 17:12:19,completed
987,451.0,480,2,336.69,RUB,2025-12-21 22:08:23,processing
988,510.0,532,3,77.75,RUB,2024-11-26 15:18:11,completed
989,134.0,407,1,76.01,EUR,2024-10-14 15:21:29,processing
990,744.0,272,2,28.45,USD,2026-04-26 20:04:53,processing
991,501.0,583,4,264.13,RUB,2025-10-03 17:08:42,cancelled
992,358.0,190,3,337.0,EUR,2025-09-20 04:53:29,completed
993,653.0,310,1,108.98,EUR,2026-05-05 07:06:27,completed
994,398.0,69,5,167.16,EUR,2025-12-24 01:02:05,cancelled
995,167.0,24,5,450.28,USD,2025-09-10 04:39:16,completed
996,659.0,25,5,377.15,RUB,2026-05-03 18:01:38,completed
997,311.0,202,5,104.5,RUB,2025-02-11 07:13:23,completed
998,591.0,96,2,346.52,EUR,2026-01-06 20:28:54,processing
999,118.0,213,2,368.56,USD,2025-03-06 14:24:30,completed
1000,121.0,143,4,210.95,RUB,2025-04-01 13:56:00,completed
1001,118.0,413,1,66.81,EUR,2026-02-10 07:31:42,completed
1002,133.0,140,5,363.62,EUR,2025-01-20 17:41:32,processing
1003,352.0,638,4,466.88,USD,2025-12-24 07:55:07,processing
1004,748.0,214,2,221.41,EUR,2025-05-29 20:37:07,processing
1005,14.0,154,3,390.56,USD,2024-07-27 04:40:49,cancelled
1006,181.0,538,5,344.69,RUB,2025-04-27 19:37:07,completed
1007,346.0,611,3,491.17,USD,2026-03-15 09:37:24,cancelled
1008,385.0,359,5,104.89,EUR,2025-12-20 08:05:31,processing
1009,390.0,583,1,404.63,USD,2024-12-26 15:19:45,processing
1010,354.0,235,4,413.51,USD,2024-07-02 22:10:03,cancelled
1011,122.0,376,3,279.35,RUB,2025-12-24 13:08:32,cancelled
1012,315.0,160,1,137.09,USD,2025-03-10 03:27:19,completed
1013,145.0,166,4,70.33,RUB,2026-04-08 01:02:26,cancelled
1014,237.0,454,2,303.54,USD,2026-05-20 16:16:56,processing
1015,739.0,134,5,20.97,USD,2025-08-20 20:05:12,completed
1016,289.0,163,1,177.77,EUR,2025-09-27 11:13:16,processing
1017,647.0,128,3,25.87,USD,2025-12-10 17:09:32,completed
1018,631.0,463,4,286.57,RUB,2025-06-27 13:02:53,cancelled
1019,434.0,357,1,191.74,RUB,2025-01-18 04:51:55,cancelled
1020,292.0,141,2,133.13,USD,2025-06-19 13:23:57,cancelled
1021,473.0,527,5,39.11,USD,2024-06-22 03:47:55,completed
1022,40.0,461,4,281.38,USD,2026-03-14 05:46:24,cancelled
1023,283.0,558,2,217.66,USD,2024-10-22 23:41:40,completed
1024,530.0,607,3,229.4,USD,2025-01-09 23:13:27,completed
1025,738.0,521,1,237.09,USD,2025-02-06 01:41:22,completed
1026,419.0,82,4,359.18,EUR,2025-08-28 17:47:48,completed
1027,295.0,411,3,251.1,USD,2024-11-12 08:58:56,completed
1028,117.0,545,5,223.2,EUR,,processing
1029,693.0,31,4,302.12,EUR,2024-07-28 10:43:18,completed
1030,124.0,451,2,307.41,USD,2026-04-07 08:14:51,cancelled
1031,448.0,66,2,48.68,RUB,2024-07-24 12:34:40,processing
1032,247.0,273,4,19.3,USD,2025-11-29 23:04:13,cancelled
1033,425.0,70,3,317.15,USD,2025-02-01 05:32:51,completed
1034,52.0,39,4,70.92,EUR,2025-07-08 07:45:33,completed
1035,671.0,577,5,43.29,RUB,2024-08-31 02:14:43,processing
1036,725.0,68,1,164.37,RUB,2025-02-17 00:25:49,cancelled
1037,,305,5,28.57,RUB,2025-04-20 09:43:45,processing
1038,613.0,505,4,393.83,RUB,2026-05-21 15:26:19,processing
1039,230.0,425,5,225.12,USD,2025-02-02 20:10:39,cancelled
1040,618.0,153,4,454.96,USD,2024-11-24 09:23:05,completed
1041,497.0,239,4,289.8,USD,2025-02-26 07:23:26,completed
1042,331.0,297,5,338.17,RUB,2026-01-20 16:02:13,processing
1043,583.0,271,4,405.44,USD,2025-03-26 00:50:30,completed
1044,442.0,53,2,22.89,EUR,2024-07-06 03:28:28,processing
1045,472.0,57,2,61.79,EUR,2025-12-18 19:57:50,completed
1046,677.0,86,3,56.59,RUB,,completed
1047,379.0,599,5,261.35,RUB,2024-08-13 02:39:28,cancelled
1048,151.0,551,4,481.63,RUB,2025-03-22 04:05:06,processing
1049,641.0,560,5,24.96,USD,2024-08-26 11:26:53,cancelled
1050,267.0,535,1,231.13,EUR,2026-04-23 09:21:08,processing
1051,239.0,553,5,193.16,USD,2026-04-18 23:23:18,completed
1052,64.0,485,1,215.21,EUR,2025-05-12 08:19:06,processing
1053,96.0,307,2,196.32,USD,2025-05-07 03:49:57,processing
1054,413.0,512,1,467.73,RUB,2026-03-22 13:18:44,processing
1055,605.0,155,4,284.25,RUB,2024-10-01 07:52:11,cancelled
1056,744.0,274,4,335.65,USD,2024-06-06 03:05:37,completed
1057,603.0,595,3,453.31,USD,2025-02-01 01:02:58,cancelled
1058,116.0,500,5,324.74,USD,2024-07-13 23:50:56,cancelled
1059,691.0,387,5,119.82,RUB,2024-11-02 06:59:33,cancelled
1060,110.0,47,4,99.05,RUB,2025-01-07 20:10:37,processing
1061,432.0,255,5,194.39,RUB,2024-12-15 11:07:08,processing
1062,272.0,156,3,232.0,EUR,2024-10-11 20:13:46,completed
1063,,365,1,199.11,USD,2026-01-01 14:28:01,processing
1064,249.0,515,5,277.89,USD,2024-06-28 11:40:03,processing
1065,228.0,447,5,121.7,USD,2025-02-06 02:35:51,completed
1066,265.0,70,5,228.14,RUB,2026-04-01 03:23:13,cancelled
1067,23.0,601,3,46.19,USD,2024-09-10 01:10:47,processing
1068,255.0,210,5,323.65,USD,2025-10-17 07:23:18,processing
1069,418.0,192,4,448.28,EUR,2026-02-01 08:15:30,completed
1070,45.0,23,5,56.25,EUR,2026-02-25 10:08:08,completed
1071,369.0,128,3,252.84,EUR,2025-12-09 07:54:12,processing
1072,100.0,29,2,351.54,EUR,2025-04-06 03:17:32,processing
1073,427.0,67,4,449.32,RUB,2026-05-10 05:01:40,processing
1074,130.0,43,5,378.97,RUB,2024-09-06 15:57:17,processing
1075,555.0,149,4,236.25,RUB,2025-06-29 09:19:19,completed
1076,279.0,232,5,425.42,USD,2026-01-16 08:10:48,cancelled
1077,638.0,433,4,474.12,RUB,2025-10-25 14:21:31,processing
1078,680.0,406,2,352.45,RUB,2024-12-21 18:52:52,processing
1079,634.0,93,5,196.77,EUR,2025-10-31 07:18:09,cancelled
1080,349.0,139,1,64.22,RUB,2025-01-24 14:43:20,processing
1081,614.0,391,4,497.4,USD,2024-06-22 09:11:06,processing
1082,46.0,64,1,217.02,RUB,2026-04-27 09:55:30,completed
1083,611.0,255,4,111.5,EUR,2025-03-18 05:07:35,cancelled
1084,727.0,614,5,137.35,EUR,2025-06-02 20:38:05,completed
1085,389.0,309,5,331.47,RUB,2026-05-02 18:23:33,completed
1086,306.0,385,2,33.01,EUR,2025-07-28 22:41:45,processing
1087,281.0,510,5,310.56,EUR,2025-06-15 05:35:10,cancelled
1088,52.0,323,2,17.03,EUR,2025-03-08 12:25:00,cancelled
1089,373.0,462,5,447.31,RUB,2024-10-21 12:53:37,cancelled
1090,327.0,436,5,404.58,USD,2024-07-06 13:20:08,completed
1091,249.0,649,4,439.18,USD,2025-07-03 05:15:31,completed
1092,429.0,619,1,204.28,EUR,2024-08-03 18:33:02,processing
1093,356.0,122,4,88.53,USD,2024-07-30 15:51:34,completed
1094,156.0,486,4,219.81,EUR,2024-05-27 09:02:57,cancelled
1095,411.0,81,1,201.17,USD,2025-03-24 11:17:16,completed
1096,288.0,258,3,456.25,RUB,2025-02-21 01:39:43,processing
1097,530.0,16,1,382.64,RUB,2024-09-13 17:26:36,completed
1098,486.0,131,4,358.37,RUB,2025-02-09 07:18:17,completed
1099,82.0,280,3,227.6,USD,2024-08-01 23:32:52,cancelled
1100,139.0,436,3,427.84,RUB,2025-12-28 04:17:26,completed
1101,151.0,235,1,109.91,EUR,2024-10-12 23:22:19,processing
1102,491.0,50,5,367.45,RUB,2025-11-19 08:12:59,cancelled
1103,568.0,527,2,190.56,EUR,2025-11-01 10:33:12,completed
1104,318.0,371,2,256.7,EUR,2025-01-23 18:51:03,cancelled
1105,,293,3,159.7,EUR,2025-03-24 15:30:55,processing
1106,479.0,115,2,424.3,USD,2024-06-11 20:53:41,completed
1107,199.0,630,4,149.88,RUB,2026-03-14 15:39:54,processing
1108,749.0,462,5,369.39,USD,2025-12-31 11:56:38,cancelled
1109,408.0,171,3,326.08,RUB,2024-08-03 02:27:12,cancelled
1110,,174,5,274.06,RUB,2025-01-08 12:53:21,completed
1111,487.0,622,5,39.78,USD,,cancelled
1112,253.0,236,2,26.27,RUB,2026-04-10 14:46:21,cancelled
1113,737.0,339,3,315.82,USD,2025-12-06 20:01:43,completed
1114,,406,1,262.2,RUB,2024-11-21 02:01:19,cancelled
1115,486.0,177,1,422.85,EUR,2025-07-22 16:25:49,cancelled
1116,261.0,55,3,138.21,EUR,2024-06-15 00:19:50,processing
1117,216.0,223,1,242.8,RUB,2024-07-23 17:33:24,cancelled
1118,722.0,127,3,128.05,RUB,2025-06-04 06:25:14,completed
1119,550.0,396,3,438.33,RUB,2025-11-05 13:15:38,processing
1120,582.0,614,5,262.1,USD,2024-12-12 18:32:49,completed
1121,314.0,108,5,354.51,EUR,2025-05-14 00:03:38,cancelled
1122,461.0,613,2,27.85,USD,2024-06-10 09:04:48,processing
1123,391.0,232,2,453.23,RUB,2025-11-26 01:26:07,processing
1124,461.0,116,5,398.25,USD,2026-04-04 03:00:49,processing
1125,676.0,216,2,472.41,RUB,2025-03-04 11:16:27,completed
1126,530.0,172,5,282.95,USD,2025-08-12 17:16:34,completed
1127,,17,2,122.71,USD,2026-03-07 00:44:43,completed
1128,709.0,521,4,66.16,USD,2025-07-25 07:08:17,processing
1129,612.0,12,4,360.28,USD,2024-11-11 22:13:51,processing
1130,86.0,64,4,400.46,EUR,2024-06-08 21:10:24,processing
1131,241.0,88,3,328.44,RUB,2024-07-09 02:47:20,processing
1132,523.0,142,3,216.36,RUB,2025-11-30 06:25:14,completed
1133,323.0,101,5,165.03,RUB,2024-09-03 09:37:09,completed
1134,4.0,187,1,233.95,EUR,2025-04-21 11:10:08,completed
1135,379.0,389,3,476.72,RUB,2025-02-26 21:52:54,cancelled
1136,77.0,400,1,223.6,RUB,2024-09-03 19:08:10,cancelled
1137,276.0,89,4,458.91,EUR,,processing
1138,93.0,458,2,493.52,USD,2025-11-05 07:01:48,processing
1139,332.0,481,5,141.74,RUB,2025-11-16 13:38:53,completed
1140,536.0,430,5,382.5,EUR,2025-08-26 14:34:25,processing
1141,208.0,637,5,365.55,RUB,2024-09-02 05:33:05,cancelled
1142,164.0,444,1,268.7,RUB,2024-07-31 21:53:17,processing
1143,569.0,497,1,241.51,RUB,2025-08-04 17:46:43,processing
1144,75.0,465,5,220.09,EUR,2025-03-01 18:47:50,completed
1145,584.0,90,5,126.01,USD,2026-05-05 07:39:57,completed
1146,442.0,535,3,232.73,RUB,2025-09-01 23:56:15,processing
1147,573.0,567,1,158.34,USD,2026-05-12 23:24:13,completed
1148,586.0,344,1,394.14,EUR,2024-12-27 00:47:36,processing
1149,322.0,93,4,233.89,RUB,2025-12-08 20:59:05,processing
1150,142.0,555,2,394.19,USD,2025-08-19 05:19:01,processing
1151,661.0,142,5,359.26,EUR,2024-10-05 06:16:14,cancelled
1152,273.0,77,4,173.79,RUB,2025-02-06 04:35:34,cancelled
1153,55.0,273,3,363.29,EUR,2025-09-07 10:02:12,completed
1154,108.0,327,3,192.7,USD,2025-08-20 08:54:15,cancelled
1155,518.0,509,2,71.9,EUR,2025-08-07 03:44:08,completed
1156,728.0,225,1,41.05,EUR,2025-12-27 17:40:44,processing
1157,351.0,286,4,94.12,USD,2025-11-04 15:01:05,cancelled
1158,182.0,287,5,170.77,RUB,2024-06-16 17:58:12,completed
1159,60.0,269,5,99.56,RUB,2026-04-03 19:31:19,processing
1160,464.0,383,4,45.52,RUB,2025-07-11 19:17:27,completed
1161,494.0,94,5,324.33,USD,2025-10-13 21:59:25,completed
1162,589.0,89,2,423.48,USD,,cancelled
1163,191.0,452,1,374.5,USD,2025-07-04 16:31:03,completed
1164,584.0,608,4,44.73,EUR,2024-06-10 19:10:40,cancelled
1165,,89,3,453.96,RUB,2024-06-19 18:38:58,processing
1166,588.0,145,3,352.57,USD,2024-10-19 08:24:52,processing
1167,535.0,353,5,114.54,EUR,2024-08-30 05:41:08,completed
1168,610.0,91,1,212.58,RUB,2026-05-03 12:10:11,processing
1169,739.0,552,4,109.07,EUR,2026-02-03 10:59:34,completed
1170,219.0,47,1,27.41,EUR,2026-02-25 10:40:32,completed
1171,361.0,71,4,118.67,USD,2025-06-21 02:53:48,cancelled
1172,304.0,248,3,224.55,RUB,2024-06-19 02:27:30,cancelled
1173,156.0,40,3,489.72,EUR,2025-04-15 06:52:56,processing
1174,440.0,307,2,494.97,EUR,2026-01-19 22:43:28,processing
1175,516.0,392,2,165.78,USD,2024-06-18 07:07:28,processing
1176,306.0,457,1,172.12,USD,2024-12-01 09:59:14,cancelled
1177,284.0,82,4,313.74,EUR,2024-06-06 10:47:58,cancelled
1178,407.0,342,1,301.09,RUB,2025-11-18 02:52:05,cancelled
1179,,615,3,368.0,RUB,2025-11-02 19:11:51,completed
1180,240.0,398,1,236.72,RUB,2026-05-18 18:06:53,completed
1181,616.0,456,3,404.67,RUB,,processing
1182,399.0,636,2,320.58,EUR,2024-07-10 05:33:32,cancelled
1183,240.0,182,3,352.33,USD,2026-04-16 01:41:40,completed
1184,85.0,366,3,394.62,RUB,2024-07-12 22:59:06,completed
1185,11.0,346,1,48.68,USD,2026-01-22 13:05:54,completed
1186,737.0,603,3,483.64,RUB,2026-05-24 07:08:36,cancelled
1187,451.0,505,1,224.65,USD,2025-10-07 14:05:34,completed
1188,454.0,363,4,301.53,USD,2025-09-14 22:40:29,processing
1189,605.0,50,2,336.55,USD,2025-06-20 09:34:36,completed
1190,403.0,13,2,485.22,RUB,2025-12-22 07:47:52,completed
1191,707.0,220,3,180.62,USD,2024-08-12 07:21:38,cancelled
1192,47.0,308,3,41.56,RUB,2024-10-12 10:06:51,processing
1193,629.0,179,3,441.45,RUB,2026-02-07 07:43:28,processing
1194,368.0,151,3,346.15,EUR,2024-07-14 18:30:30,completed
1195,371.0,592,4,482.24,RUB,2025-08-04 02:45:44,completed
1196,,397,5,38.81,RUB,2026-03-09 12:42:55,processing
1197,450.0,274,2,498.1,RUB,2024-10-07 02:29:27,processing
1198,697.0,296,2,334.48,RUB,2025-03-31 06:21:29,cancelled
1199,595.0,503,2,20.05,EUR,2026-04-05 13:51:16,cancelled
1200,387.0,165,3,170.76,USD,2025-06-21 19:11:34,processing
1,380.0,512,3,256.02,USD,,processing
2,467.0,117,5,218.67,EUR,2026-02-18 02:28:23,completed
3,470.0,391,5,89.7,EUR,2025-01-14 11:22:12,cancelled
4,676.0,90,3,354.03,USD,2025-05-30 03:09:57,completed
5,92.0,639,4,60.8,RUB,2025-01-22 15:48:14,processing
6,103.0,217,1,337.18,EUR,2024-12-12 04:11:41,completed
7,466.0,476,4,475.77,EUR,2024-12-17 00:16:14,cancelled
8,661.0,520,1,470.41,USD,2024-12-30 16:57:31,cancelled
9,275.0,425,4,339.92,USD,2025-04-05 12:29:27,completed
10,,326,5,411.82,RUB,2026-01-21 03:56:04,cancelled
11,175.0,198,2,282.31,EUR,2024-11-12 05:51:09,processing
12,660.0,400,5,220.26,RUB,2025-02-28 18:51:50,processing
13,178.0,130,2,224.33,USD,2025-03-06 08:09:27,processing
14,122.0,331,3,420.3,USD,2025-05-23 12:48:47,completed
15,96.0,557,5,84.99,RUB,2024-11-07 14:01:18,completed
16,586.0,647,2,491.87,RUB,2026-02-03 08:08:20,cancelled
17,192.0,388,3,104.98,USD,2024-07-27 04:07:00,cancelled
18,676.0,594,2,317.44,RUB,2025-01-05 06:00:33,completed
19,114.0,185,1,79.5,EUR,2025-02-10 05:37:05,completed
20,80.0,23,2,201.49,EUR,2024-07-20 09:27:33,cancelled
